Sub-Nbhood,ZIP
Upper West Side,10024
Lincoln Square,10023
Upper East Side,10028
Yorkville,10128
Lenox Hill,10065
Chelsea,10011
Greenwich Village,10014
Murray Hill,10016
Hells Kitchen,10019
TriBeCa,10013
Turtle Bay,10017
Sutton Place,10022
Gramercy Park,10010
Midtown Center,10036
West Village,10014
Financial District,10005
Carnegie Hill,10128
East Village,10009
Lower East Side,10002
Kips Bay,10016
South Harlem,10026
Manhattan Valley,10025
Central Harlem,10027
Flatiron,10010
Battery Park City,10280
East Harlem,10029
NoMad,10016
Hudson Heights,10033
Morningside Heights,10025
SoHo,10012
Hamilton Heights,10031
Washington Heights,10033
Hudson Square,10013
South Street Seaport,10038
NoHo,10012
Midtown South,10001
Two Bridges,10002
Inwood,10034
Hudson Yards,10001
Roosevelt Island,10044
NoLita,10012
Chinatown,10013
Civic Center,10007
Fort George,10040
West Harlem & Manhattanville,10027
Little Italy,10013
